song,artist,period,type,rank,popularity,lower_bound,upper_bound,future_rank,future_popularity,explicit_ratio,clean_ratio
Track Alpha 1,Artist/Label Identity 1,Jan 26,historical,42,50,0,0,0,0,0.58,0.42
Track Alpha 2,Artist/Label Identity 2,Jan 26,historical,95,59,0,0,0,0,0.58,0.42
Track Alpha 3,Artist/Label Identity 3,Jan 26,historical,62,69,0,0,0,0,0.58,0.42
Track Alpha 4,Artist/Label Identity 4,Jan 26,historical,35,55,0,0,0,0,0.58,0.42
Track Alpha 5,Artist/Label Identity 5,Jan 26,historical,87,61,0,0,0,0,0.58,0.42
Track Alpha 6,Artist/Label Identity 6,Jan 26,historical,28,66,0,0,0,0,0.58,0.42
Track Alpha 7,Artist/Label Identity 7,Jan 26,historical,1,92,0,0,0,0,0.58,0.42
Track Alpha 8,Artist/Label Identity 8,Jan 26,historical,1,58,0,0,0,0,0.58,0.42
Track Alpha 9,Artist/Label Identity 9,Jan 26,historical,38,56,0,0,0,0,0.58,0.42
Track Alpha 10,Artist/Label Identity 10,Jan 26,historical,26,87,0,0,0,0,0.58,0.42
Track Alpha 11,Artist/Label Identity 11,Jan 26,historical,29,64,0,0,0,0,0.58,0.42
Track Alpha 12,Artist/Label Identity 12,Jan 26,historical,60,56,0,0,0,0,0.58,0.42
Track Alpha 13,Artist/Label Identity 13,Jan 26,historical,18,87,0,0,0,0,0.58,0.42
Track Alpha 14,Artist/Label Identity 14,Jan 26,historical,72,53,0,0,0,0,0.58,0.42
Track Alpha 15,Artist/Label Identity 15,Jan 26,historical,25,78,0,0,0,0,0.58,0.42
Track Alpha 16,Artist/Label Identity 16,Jan 26,historical,52,80,0,0,0,0,0.58,0.42
Track Alpha 17,Artist/Label Identity 17,Jan 26,historical,8,83,0,0,0,0,0.58,0.42
Track Alpha 18,Artist/Label Identity 18,Jan 26,historical,25,94,0,0,0,0,0.58,0.42
Track Alpha 19,Artist/Label Identity 19,Jan 26,historical,9,77,0,0,0,0,0.58,0.42
Track Alpha 20,Artist/Label Identity 20,Jan 26,historical,96,84,0,0,0,0,0.58,0.42
Track Alpha 21,Artist/Label Identity 21,Jan 26,historical,63,69,0,0,0,0,0.58,0.42
Track Alpha 22,Artist/Label Identity 22,Jan 26,historical,62,57,0,0,0,0,0.58,0.42
Track Alpha 23,Artist/Label Identity 23,Jan 26,historical,64,70,0,0,0,0,0.58,0.42
Track Alpha 24,Artist/Label Identity 24,Jan 26,historical,3,59,0,0,0,0,0.58,0.42
Track Alpha 25,Artist/Label Identity 25,Jan 26,historical,38,53,0,0,0,0,0.58,0.42
Track Alpha 26,Artist/Label Identity 26,Jan 26,historical,60,51,0,0,0,0,0.58,0.42
Track Alpha 27,Artist/Label Identity 27,Jan 26,historical,50,66,0,0,0,0,0.58,0.42
Track Alpha 28,Artist/Label Identity 28,Jan 26,historical,60,88,0,0,0,0,0.58,0.42
Track Alpha 29,Artist/Label Identity 29,Jan 26,historical,48,58,0,0,0,0,0.58,0.42
Track Alpha 30,Artist/Label Identity 30,Jan 26,historical,21,66,0,0,0,0,0.58,0.42
Track Alpha 31,Artist/Label Identity 31,Jan 26,historical,51,50,0,0,0,0,0.58,0.42
Track Alpha 32,Artist/Label Identity 32,Jan 26,historical,24,87,0,0,0,0,0.58,0.42
Track Alpha 33,Artist/Label Identity 33,Jan 26,historical,74,84,0,0,0,0,0.58,0.42
Track Alpha 34,Artist/Label Identity 34,Jan 26,historical,99,57,0,0,0,0,0.58,0.42
Track Alpha 35,Artist/Label Identity 35,Jan 26,historical,79,72,0,0,0,0,0.58,0.42
Track Alpha 36,Artist/Label Identity 36,Jan 26,historical,22,77,0,0,0,0,0.58,0.42
Track Alpha 37,Artist/Label Identity 37,Jan 26,historical,68,69,0,0,0,0,0.58,0.42
Track Alpha 38,Artist/Label Identity 38,Jan 26,historical,82,62,0,0,0,0,0.58,0.42
Track Alpha 39,Artist/Label Identity 39,Jan 26,historical,88,67,0,0,0,0,0.58,0.42
Track Alpha 40,Artist/Label Identity 40,Jan 26,historical,20,53,0,0,0,0,0.58,0.42
Track Alpha 41,Artist/Label Identity 41,Jan 26,historical,27,88,0,0,0,0,0.58,0.42
Track Alpha 42,Artist/Label Identity 42,Jan 26,historical,98,95,0,0,0,0,0.58,0.42
Track Alpha 43,Artist/Label Identity 43,Jan 26,historical,34,63,0,0,0,0,0.58,0.42
Track Alpha 44,Artist/Label Identity 44,Jan 26,historical,62,66,0,0,0,0,0.58,0.42
Track Alpha 45,Artist/Label Identity 45,Jan 26,historical,74,75,0,0,0,0,0.58,0.42
Track Alpha 46,Artist/Label Identity 46,Jan 26,historical,78,62,0,0,0,0,0.58,0.42
Track Alpha 47,Artist/Label Identity 47,Jan 26,historical,61,91,0,0,0,0,0.58,0.42
Track Alpha 48,Artist/Label Identity 48,Jan 26,historical,46,64,0,0,0,0,0.58,0.42
Track Alpha 49,Artist/Label Identity 49,Jan 26,historical,59,62,0,0,0,0,0.58,0.42
Track Alpha 50,Artist/Label Identity 50,Jan 26,historical,19,69,0,0,0,0,0.58,0.42
Track Alpha 1,Artist/Label Identity 1,Feb 26,historical,71,69,0,0,0,0,0.58,0.42
Track Alpha 2,Artist/Label Identity 2,Feb 26,historical,18,71,0,0,0,0,0.58,0.42
Track Alpha 3,Artist/Label Identity 3,Feb 26,historical,26,91,0,0,0,0,0.58,0.42
Track Alpha 4,Artist/Label Identity 4,Feb 26,historical,4,60,0,0,0,0,0.58,0.42
Track Alpha 5,Artist/Label Identity 5,Feb 26,historical,59,93,0,0,0,0,0.58,0.42
Track Alpha 6,Artist/Label Identity 6,Feb 26,historical,95,83,0,0,0,0,0.58,0.42
Track Alpha 7,Artist/Label Identity 7,Feb 26,historical,23,93,0,0,0,0,0.58,0.42
Track Alpha 8,Artist/Label Identity 8,Feb 26,historical,81,52,0,0,0,0,0.58,0.42
Track Alpha 9,Artist/Label Identity 9,Feb 26,historical,46,58,0,0,0,0,0.58,0.42
Track Alpha 10,Artist/Label Identity 10,Feb 26,historical,95,54,0,0,0,0,0.58,0.42
Track Alpha 11,Artist/Label Identity 11,Feb 26,historical,85,89,0,0,0,0,0.58,0.42
Track Alpha 12,Artist/Label Identity 12,Feb 26,historical,91,68,0,0,0,0,0.58,0.42
Track Alpha 13,Artist/Label Identity 13,Feb 26,historical,81,95,0,0,0,0,0.58,0.42
Track Alpha 14,Artist/Label Identity 14,Feb 26,historical,84,54,0,0,0,0,0.58,0.42
Track Alpha 15,Artist/Label Identity 15,Feb 26,historical,10,76,0,0,0,0,0.58,0.42
Track Alpha 16,Artist/Label Identity 16,Feb 26,historical,48,52,0,0,0,0,0.58,0.42
Track Alpha 17,Artist/Label Identity 17,Feb 26,historical,49,51,0,0,0,0,0.58,0.42
Track Alpha 18,Artist/Label Identity 18,Feb 26,historical,62,77,0,0,0,0,0.58,0.42
Track Alpha 19,Artist/Label Identity 19,Feb 26,historical,23,84,0,0,0,0,0.58,0.42
Track Alpha 20,Artist/Label Identity 20,Feb 26,historical,91,78,0,0,0,0,0.58,0.42
Track Alpha 21,Artist/Label Identity 21,Feb 26,historical,34,85,0,0,0,0,0.58,0.42
Track Alpha 22,Artist/Label Identity 22,Feb 26,historical,50,52,0,0,0,0,0.58,0.42
Track Alpha 23,Artist/Label Identity 23,Feb 26,historical,20,83,0,0,0,0,0.58,0.42
Track Alpha 24,Artist/Label Identity 24,Feb 26,historical,20,50,0,0,0,0,0.58,0.42
Track Alpha 25,Artist/Label Identity 25,Feb 26,historical,37,71,0,0,0,0,0.58,0.42
Track Alpha 26,Artist/Label Identity 26,Feb 26,historical,23,73,0,0,0,0,0.58,0.42
Track Alpha 27,Artist/Label Identity 27,Feb 26,historical,52,62,0,0,0,0,0.58,0.42
Track Alpha 28,Artist/Label Identity 28,Feb 26,historical,56,62,0,0,0,0,0.58,0.42
Track Alpha 29,Artist/Label Identity 29,Feb 26,historical,18,95,0,0,0,0,0.58,0.42
Track Alpha 30,Artist/Label Identity 30,Feb 26,historical,54,54,0,0,0,0,0.58,0.42
Track Alpha 31,Artist/Label Identity 31,Feb 26,historical,87,71,0,0,0,0,0.58,0.42
Track Alpha 32,Artist/Label Identity 32,Feb 26,historical,39,95,0,0,0,0,0.58,0.42
Track Alpha 33,Artist/Label Identity 33,Feb 26,historical,8,91,0,0,0,0,0.58,0.42
Track Alpha 34,Artist/Label Identity 34,Feb 26,historical,60,56,0,0,0,0,0.58,0.42
Track Alpha 35,Artist/Label Identity 35,Feb 26,historical,20,57,0,0,0,0,0.58,0.42
Track Alpha 36,Artist/Label Identity 36,Feb 26,historical,13,74,0,0,0,0,0.58,0.42
Track Alpha 37,Artist/Label Identity 37,Feb 26,historical,54,87,0,0,0,0,0.58,0.42
Track Alpha 38,Artist/Label Identity 38,Feb 26,historical,28,61,0,0,0,0,0.58,0.42
Track Alpha 39,Artist/Label Identity 39,Feb 26,historical,10,95,0,0,0,0,0.58,0.42
Track Alpha 40,Artist/Label Identity 40,Feb 26,historical,12,54,0,0,0,0,0.58,0.42
Track Alpha 41,Artist/Label Identity 41,Feb 26,historical,37,79,0,0,0,0,0.58,0.42
Track Alpha 42,Artist/Label Identity 42,Feb 26,historical,40,56,0,0,0,0,0.58,0.42
Track Alpha 43,Artist/Label Identity 43,Feb 26,historical,71,71,0,0,0,0,0.58,0.42
Track Alpha 44,Artist/Label Identity 44,Feb 26,historical,93,90,0,0,0,0,0.58,0.42
Track Alpha 45,Artist/Label Identity 45,Feb 26,historical,53,77,0,0,0,0,0.58,0.42
Track Alpha 46,Artist/Label Identity 46,Feb 26,historical,31,79,0,0,0,0,0.58,0.42
Track Alpha 47,Artist/Label Identity 47,Feb 26,historical,31,62,0,0,0,0,0.58,0.42
Track Alpha 48,Artist/Label Identity 48,Feb 26,historical,4,68,0,0,0,0,0.58,0.42
Track Alpha 49,Artist/Label Identity 49,Feb 26,historical,70,53,0,0,0,0,0.58,0.42
Track Alpha 50,Artist/Label Identity 50,Feb 26,historical,70,71,0,0,0,0,0.58,0.42
Track Alpha 1,Artist/Label Identity 1,Mar 26,historical,48,82,0,0,0,0,0.58,0.42
Track Alpha 2,Artist/Label Identity 2,Mar 26,historical,58,85,0,0,0,0,0.58,0.42
Track Alpha 3,Artist/Label Identity 3,Mar 26,historical,82,90,0,0,0,0,0.58,0.42
Track Alpha 4,Artist/Label Identity 4,Mar 26,historical,52,92,0,0,0,0,0.58,0.42
Track Alpha 5,Artist/Label Identity 5,Mar 26,historical,35,76,0,0,0,0,0.58,0.42
Track Alpha 6,Artist/Label Identity 6,Mar 26,historical,52,86,0,0,0,0,0.58,0.42
Track Alpha 7,Artist/Label Identity 7,Mar 26,historical,100,72,0,0,0,0,0.58,0.42
Track Alpha 8,Artist/Label Identity 8,Mar 26,historical,69,66,0,0,0,0,0.58,0.42
Track Alpha 9,Artist/Label Identity 9,Mar 26,historical,55,75,0,0,0,0,0.58,0.42
Track Alpha 10,Artist/Label Identity 10,Mar 26,historical,74,80,0,0,0,0,0.58,0.42
Track Alpha 11,Artist/Label Identity 11,Mar 26,historical,92,59,0,0,0,0,0.58,0.42
Track Alpha 12,Artist/Label Identity 12,Mar 26,historical,45,76,0,0,0,0,0.58,0.42
Track Alpha 13,Artist/Label Identity 13,Mar 26,historical,96,82,0,0,0,0,0.58,0.42
Track Alpha 14,Artist/Label Identity 14,Mar 26,historical,54,55,0,0,0,0,0.58,0.42
Track Alpha 15,Artist/Label Identity 15,Mar 26,historical,20,77,0,0,0,0,0.58,0.42
Track Alpha 16,Artist/Label Identity 16,Mar 26,historical,46,50,0,0,0,0,0.58,0.42
Track Alpha 17,Artist/Label Identity 17,Mar 26,historical,92,67,0,0,0,0,0.58,0.42
Track Alpha 18,Artist/Label Identity 18,Mar 26,historical,4,62,0,0,0,0,0.58,0.42
Track Alpha 19,Artist/Label Identity 19,Mar 26,historical,98,79,0,0,0,0,0.58,0.42
Track Alpha 20,Artist/Label Identity 20,Mar 26,historical,69,83,0,0,0,0,0.58,0.42
Track Alpha 21,Artist/Label Identity 21,Mar 26,historical,97,90,0,0,0,0,0.58,0.42
Track Alpha 22,Artist/Label Identity 22,Mar 26,historical,71,82,0,0,0,0,0.58,0.42
Track Alpha 23,Artist/Label Identity 23,Mar 26,historical,17,94,0,0,0,0,0.58,0.42
Track Alpha 24,Artist/Label Identity 24,Mar 26,historical,91,57,0,0,0,0,0.58,0.42
Track Alpha 25,Artist/Label Identity 25,Mar 26,historical,61,90,0,0,0,0,0.58,0.42
Track Alpha 26,Artist/Label Identity 26,Mar 26,historical,51,87,0,0,0,0,0.58,0.42
Track Alpha 27,Artist/Label Identity 27,Mar 26,historical,84,56,0,0,0,0,0.58,0.42
Track Alpha 28,Artist/Label Identity 28,Mar 26,historical,30,73,0,0,0,0,0.58,0.42
Track Alpha 29,Artist/Label Identity 29,Mar 26,historical,10,75,0,0,0,0,0.58,0.42
Track Alpha 30,Artist/Label Identity 30,Mar 26,historical,31,72,0,0,0,0,0.58,0.42
Track Alpha 31,Artist/Label Identity 31,Mar 26,historical,3,65,0,0,0,0,0.58,0.42
Track Alpha 32,Artist/Label Identity 32,Mar 26,historical,69,59,0,0,0,0,0.58,0.42
Track Alpha 33,Artist/Label Identity 33,Mar 26,historical,19,64,0,0,0,0,0.58,0.42
Track Alpha 34,Artist/Label Identity 34,Mar 26,historical,6,74,0,0,0,0,0.58,0.42
Track Alpha 35,Artist/Label Identity 35,Mar 26,historical,79,68,0,0,0,0,0.58,0.42
Track Alpha 36,Artist/Label Identity 36,Mar 26,historical,19,93,0,0,0,0,0.58,0.42
Track Alpha 37,Artist/Label Identity 37,Mar 26,historical,94,71,0,0,0,0,0.58,0.42
Track Alpha 38,Artist/Label Identity 38,Mar 26,historical,40,50,0,0,0,0,0.58,0.42
Track Alpha 39,Artist/Label Identity 39,Mar 26,historical,33,71,0,0,0,0,0.58,0.42
Track Alpha 40,Artist/Label Identity 40,Mar 26,historical,58,88,0,0,0,0,0.58,0.42
Track Alpha 41,Artist/Label Identity 41,Mar 26,historical,1,85,0,0,0,0,0.58,0.42
Track Alpha 42,Artist/Label Identity 42,Mar 26,historical,71,61,0,0,0,0,0.58,0.42
Track Alpha 43,Artist/Label Identity 43,Mar 26,historical,23,92,0,0,0,0,0.58,0.42
Track Alpha 44,Artist/Label Identity 44,Mar 26,historical,43,61,0,0,0,0,0.58,0.42
Track Alpha 45,Artist/Label Identity 45,Mar 26,historical,73,60,0,0,0,0,0.58,0.42
Track Alpha 46,Artist/Label Identity 46,Mar 26,historical,31,54,0,0,0,0,0.58,0.42
Track Alpha 47,Artist/Label Identity 47,Mar 26,historical,86,64,0,0,0,0,0.58,0.42
Track Alpha 48,Artist/Label Identity 48,Mar 26,historical,57,83,0,0,0,0,0.58,0.42
Track Alpha 49,Artist/Label Identity 49,Mar 26,historical,99,91,0,0,0,0,0.58,0.42
Track Alpha 50,Artist/Label Identity 50,Mar 26,historical,53,81,0,0,0,0,0.58,0.42
Track Alpha 1,Artist/Label Identity 1,Apr 26,historical,98,90,0,0,0,0,0.58,0.42
Track Alpha 2,Artist/Label Identity 2,Apr 26,historical,17,94,0,0,0,0,0.58,0.42
Track Alpha 3,Artist/Label Identity 3,Apr 26,historical,3,92,0,0,0,0,0.58,0.42
Track Alpha 4,Artist/Label Identity 4,Apr 26,historical,35,54,0,0,0,0,0.58,0.42
Track Alpha 5,Artist/Label Identity 5,Apr 26,historical,49,73,0,0,0,0,0.58,0.42
Track Alpha 6,Artist/Label Identity 6,Apr 26,historical,2,89,0,0,0,0,0.58,0.42
Track Alpha 7,Artist/Label Identity 7,Apr 26,historical,4,88,0,0,0,0,0.58,0.42
Track Alpha 8,Artist/Label Identity 8,Apr 26,historical,92,58,0,0,0,0,0.58,0.42
Track Alpha 9,Artist/Label Identity 9,Apr 26,historical,10,74,0,0,0,0,0.58,0.42
Track Alpha 10,Artist/Label Identity 10,Apr 26,historical,25,74,0,0,0,0,0.58,0.42
Track Alpha 11,Artist/Label Identity 11,Apr 26,historical,22,94,0,0,0,0,0.58,0.42
Track Alpha 12,Artist/Label Identity 12,Apr 26,historical,6,86,0,0,0,0,0.58,0.42
Track Alpha 13,Artist/Label Identity 13,Apr 26,historical,59,67,0,0,0,0,0.58,0.42
Track Alpha 14,Artist/Label Identity 14,Apr 26,historical,21,90,0,0,0,0,0.58,0.42
Track Alpha 15,Artist/Label Identity 15,Apr 26,historical,14,60,0,0,0,0,0.58,0.42
Track Alpha 16,Artist/Label Identity 16,Apr 26,historical,39,68,0,0,0,0,0.58,0.42
Track Alpha 17,Artist/Label Identity 17,Apr 26,historical,46,86,0,0,0,0,0.58,0.42
Track Alpha 18,Artist/Label Identity 18,Apr 26,historical,51,57,0,0,0,0,0.58,0.42
Track Alpha 19,Artist/Label Identity 19,Apr 26,historical,92,94,0,0,0,0,0.58,0.42
Track Alpha 20,Artist/Label Identity 20,Apr 26,historical,96,59,0,0,0,0,0.58,0.42
Track Alpha 21,Artist/Label Identity 21,Apr 26,historical,27,91,0,0,0,0,0.58,0.42
Track Alpha 22,Artist/Label Identity 22,Apr 26,historical,68,71,0,0,0,0,0.58,0.42
Track Alpha 23,Artist/Label Identity 23,Apr 26,historical,36,71,0,0,0,0,0.58,0.42
Track Alpha 24,Artist/Label Identity 24,Apr 26,historical,87,77,0,0,0,0,0.58,0.42
Track Alpha 25,Artist/Label Identity 25,Apr 26,historical,69,50,0,0,0,0,0.58,0.42
Track Alpha 26,Artist/Label Identity 26,Apr 26,historical,56,71,0,0,0,0,0.58,0.42
Track Alpha 27,Artist/Label Identity 27,Apr 26,historical,24,70,0,0,0,0,0.58,0.42
Track Alpha 28,Artist/Label Identity 28,Apr 26,historical,29,69,0,0,0,0,0.58,0.42
Track Alpha 29,Artist/Label Identity 29,Apr 26,historical,4,61,0,0,0,0,0.58,0.42
Track Alpha 30,Artist/Label Identity 30,Apr 26,historical,19,78,0,0,0,0,0.58,0.42
Track Alpha 31,Artist/Label Identity 31,Apr 26,historical,78,71,0,0,0,0,0.58,0.42
Track Alpha 32,Artist/Label Identity 32,Apr 26,historical,96,80,0,0,0,0,0.58,0.42
Track Alpha 33,Artist/Label Identity 33,Apr 26,historical,28,95,0,0,0,0,0.58,0.42
Track Alpha 34,Artist/Label Identity 34,Apr 26,historical,39,73,0,0,0,0,0.58,0.42
Track Alpha 35,Artist/Label Identity 35,Apr 26,historical,40,50,0,0,0,0,0.58,0.42
Track Alpha 36,Artist/Label Identity 36,Apr 26,historical,18,89,0,0,0,0,0.58,0.42
Track Alpha 37,Artist/Label Identity 37,Apr 26,historical,28,57,0,0,0,0,0.58,0.42
Track Alpha 38,Artist/Label Identity 38,Apr 26,historical,81,63,0,0,0,0,0.58,0.42
Track Alpha 39,Artist/Label Identity 39,Apr 26,historical,82,81,0,0,0,0,0.58,0.42
Track Alpha 40,Artist/Label Identity 40,Apr 26,historical,31,86,0,0,0,0,0.58,0.42
Track Alpha 41,Artist/Label Identity 41,Apr 26,historical,3,64,0,0,0,0,0.58,0.42
Track Alpha 42,Artist/Label Identity 42,Apr 26,historical,3,73,0,0,0,0,0.58,0.42
Track Alpha 43,Artist/Label Identity 43,Apr 26,historical,7,82,0,0,0,0,0.58,0.42
Track Alpha 44,Artist/Label Identity 44,Apr 26,historical,30,61,0,0,0,0,0.58,0.42
Track Alpha 45,Artist/Label Identity 45,Apr 26,historical,30,70,0,0,0,0,0.58,0.42
Track Alpha 46,Artist/Label Identity 46,Apr 26,historical,63,89,0,0,0,0,0.58,0.42
Track Alpha 47,Artist/Label Identity 47,Apr 26,historical,20,95,0,0,0,0,0.58,0.42
Track Alpha 48,Artist/Label Identity 48,Apr 26,historical,84,64,0,0,0,0,0.58,0.42
Track Alpha 49,Artist/Label Identity 49,Apr 26,historical,45,58,0,0,0,0,0.58,0.42
Track Alpha 50,Artist/Label Identity 50,Apr 26,historical,15,54,0,0,0,0,0.58,0.42
Track Alpha 1,Artist/Label Identity 1,May 26,historical,7,84,0,0,0,0,0.58,0.42
Track Alpha 2,Artist/Label Identity 2,May 26,historical,70,68,0,0,0,0,0.58,0.42
Track Alpha 3,Artist/Label Identity 3,May 26,historical,18,82,0,0,0,0,0.58,0.42
Track Alpha 4,Artist/Label Identity 4,May 26,historical,73,85,0,0,0,0,0.58,0.42
Track Alpha 5,Artist/Label Identity 5,May 26,historical,86,79,0,0,0,0,0.58,0.42
Track Alpha 6,Artist/Label Identity 6,May 26,historical,69,61,0,0,0,0,0.58,0.42
Track Alpha 7,Artist/Label Identity 7,May 26,historical,57,73,0,0,0,0,0.58,0.42
Track Alpha 8,Artist/Label Identity 8,May 26,historical,45,95,0,0,0,0,0.58,0.42
Track Alpha 9,Artist/Label Identity 9,May 26,historical,94,77,0,0,0,0,0.58,0.42
Track Alpha 10,Artist/Label Identity 10,May 26,historical,56,84,0,0,0,0,0.58,0.42
Track Alpha 11,Artist/Label Identity 11,May 26,historical,53,68,0,0,0,0,0.58,0.42
Track Alpha 12,Artist/Label Identity 12,May 26,historical,30,53,0,0,0,0,0.58,0.42
Track Alpha 13,Artist/Label Identity 13,May 26,historical,44,55,0,0,0,0,0.58,0.42
Track Alpha 14,Artist/Label Identity 14,May 26,historical,27,53,0,0,0,0,0.58,0.42
Track Alpha 15,Artist/Label Identity 15,May 26,historical,43,60,0,0,0,0,0.58,0.42
Track Alpha 16,Artist/Label Identity 16,May 26,historical,58,57,0,0,0,0,0.58,0.42
Track Alpha 17,Artist/Label Identity 17,May 26,historical,16,78,0,0,0,0,0.58,0.42
Track Alpha 18,Artist/Label Identity 18,May 26,historical,97,58,0,0,0,0,0.58,0.42
Track Alpha 19,Artist/Label Identity 19,May 26,historical,25,62,0,0,0,0,0.58,0.42
Track Alpha 20,Artist/Label Identity 20,May 26,historical,4,95,0,0,0,0,0.58,0.42
Track Alpha 21,Artist/Label Identity 21,May 26,historical,65,78,0,0,0,0,0.58,0.42
Track Alpha 22,Artist/Label Identity 22,May 26,historical,34,65,0,0,0,0,0.58,0.42
Track Alpha 23,Artist/Label Identity 23,May 26,historical,35,93,0,0,0,0,0.58,0.42
Track Alpha 24,Artist/Label Identity 24,May 26,historical,39,54,0,0,0,0,0.58,0.42
Track Alpha 25,Artist/Label Identity 25,May 26,historical,99,55,0,0,0,0,0.58,0.42
Track Alpha 26,Artist/Label Identity 26,May 26,historical,96,82,0,0,0,0,0.58,0.42
Track Alpha 27,Artist/Label Identity 27,May 26,historical,49,95,0,0,0,0,0.58,0.42
Track Alpha 28,Artist/Label Identity 28,May 26,historical,8,76,0,0,0,0,0.58,0.42
Track Alpha 29,Artist/Label Identity 29,May 26,historical,34,76,0,0,0,0,0.58,0.42
Track Alpha 30,Artist/Label Identity 30,May 26,historical,91,60,0,0,0,0,0.58,0.42
Track Alpha 31,Artist/Label Identity 31,May 26,historical,88,90,0,0,0,0,0.58,0.42
Track Alpha 32,Artist/Label Identity 32,May 26,historical,92,54,0,0,0,0,0.58,0.42
Track Alpha 33,Artist/Label Identity 33,May 26,historical,26,67,0,0,0,0,0.58,0.42
Track Alpha 34,Artist/Label Identity 34,May 26,historical,44,58,0,0,0,0,0.58,0.42
Track Alpha 35,Artist/Label Identity 35,May 26,historical,55,68,0,0,0,0,0.58,0.42
Track Alpha 36,Artist/Label Identity 36,May 26,historical,51,64,0,0,0,0,0.58,0.42
Track Alpha 37,Artist/Label Identity 37,May 26,historical,20,95,0,0,0,0,0.58,0.42
Track Alpha 38,Artist/Label Identity 38,May 26,historical,61,76,0,0,0,0,0.58,0.42
Track Alpha 39,Artist/Label Identity 39,May 26,historical,10,52,0,0,0,0,0.58,0.42
Track Alpha 40,Artist/Label Identity 40,May 26,historical,2,95,0,0,0,0,0.58,0.42
Track Alpha 41,Artist/Label Identity 41,May 26,historical,37,55,0,0,0,0,0.58,0.42
Track Alpha 42,Artist/Label Identity 42,May 26,historical,25,58,0,0,0,0,0.58,0.42
Track Alpha 43,Artist/Label Identity 43,May 26,historical,78,52,0,0,0,0,0.58,0.42
Track Alpha 44,Artist/Label Identity 44,May 26,historical,92,58,0,0,0,0,0.58,0.42
Track Alpha 45,Artist/Label Identity 45,May 26,historical,60,85,0,0,0,0,0.58,0.42
Track Alpha 46,Artist/Label Identity 46,May 26,historical,57,94,0,0,0,0,0.58,0.42
Track Alpha 47,Artist/Label Identity 47,May 26,historical,99,82,0,0,0,0,0.58,0.42
Track Alpha 48,Artist/Label Identity 48,May 26,historical,75,90,0,0,0,0,0.58,0.42
Track Alpha 49,Artist/Label Identity 49,May 26,historical,91,75,0,0,0,0,0.58,0.42
Track Alpha 50,Artist/Label Identity 50,May 26,historical,78,54,0,0,0,0,0.58,0.42
Track Alpha 1,Artist/Label Identity 1,2027 Q1,future,91,62,86,97,83,79,0.44,0.56
Track Alpha 2,Artist/Label Identity 2,2027 Q1,future,54,47,50,61,46,44,0.44,0.56
Track Alpha 3,Artist/Label Identity 3,2027 Q1,future,33,70,26,41,23,88,0.44,0.56
Track Alpha 4,Artist/Label Identity 4,2027 Q1,future,100,46,94,100,88,63,0.44,0.56
Track Alpha 5,Artist/Label Identity 5,2027 Q1,future,92,59,88,99,85,88,0.44,0.56
Track Alpha 6,Artist/Label Identity 6,2027 Q1,future,95,90,91,100,80,66,0.44,0.56
Track Alpha 7,Artist/Label Identity 7,2027 Q1,future,74,88,71,82,64,91,0.44,0.56
Track Alpha 8,Artist/Label Identity 8,2027 Q1,future,108,75,103,100,98,69,0.44,0.56
Track Alpha 9,Artist/Label Identity 9,2027 Q1,future,15,60,10,22,10,75,0.44,0.56
Track Alpha 10,Artist/Label Identity 10,2027 Q1,future,29,74,21,33,23,99,0.44,0.56
Track Alpha 11,Artist/Label Identity 11,2027 Q1,future,82,59,78,87,79,71,0.44,0.56
Track Alpha 12,Artist/Label Identity 12,2027 Q1,future,68,68,63,75,69,79,0.44,0.56
Track Alpha 13,Artist/Label Identity 13,2027 Q1,future,72,62,67,76,86,38,0.44,0.56
Track Alpha 14,Artist/Label Identity 14,2027 Q1,future,77,49,70,84,83,71,0.44,0.56
Track Alpha 15,Artist/Label Identity 15,2027 Q1,future,85,83,81,91,95,88,0.44,0.56
Track Alpha 16,Artist/Label Identity 16,2027 Q1,future,105,58,97,100,111,84,0.44,0.56
Track Alpha 17,Artist/Label Identity 17,2027 Q1,future,34,75,26,39,25,49,0.44,0.56
Track Alpha 18,Artist/Label Identity 18,2027 Q1,future,41,56,37,46,50,87,0.44,0.56
Track Alpha 19,Artist/Label Identity 19,2027 Q1,future,35,87,28,38,30,50,0.44,0.56
Track Alpha 20,Artist/Label Identity 20,2027 Q1,future,102,76,94,100,103,51,0.44,0.56
Track Alpha 21,Artist/Label Identity 21,2027 Q1,future,62,60,59,65,57,61,0.44,0.56
Track Alpha 22,Artist/Label Identity 22,2027 Q1,future,51,49,43,54,36,72,0.44,0.56
Track Alpha 23,Artist/Label Identity 23,2027 Q1,future,40,76,32,46,47,75,0.44,0.56
Track Alpha 24,Artist/Label Identity 24,2027 Q1,future,19,74,11,25,5,90,0.44,0.56
Track Alpha 25,Artist/Label Identity 25,2027 Q1,future,15,57,8,23,20,76,0.44,0.56
Track Alpha 26,Artist/Label Identity 26,2027 Q1,future,15,76,10,23,5,61,0.44,0.56
Track Alpha 27,Artist/Label Identity 27,2027 Q1,future,102,69,94,100,97,67,0.44,0.56
Track Alpha 28,Artist/Label Identity 28,2027 Q1,future,35,54,32,38,45,68,0.44,0.56
Track Alpha 29,Artist/Label Identity 29,2027 Q1,future,21,81,17,26,31,52,0.44,0.56
Track Alpha 30,Artist/Label Identity 30,2027 Q1,future,32,88,25,35,19,57,0.44,0.56
Track Alpha 31,Artist/Label Identity 31,2027 Q1,future,56,87,53,62,62,82,0.44,0.56
Track Alpha 32,Artist/Label Identity 32,2027 Q1,future,76,68,68,82,65,58,0.44,0.56
Track Alpha 33,Artist/Label Identity 33,2027 Q1,future,101,88,95,100,112,59,0.44,0.56
Track Alpha 34,Artist/Label Identity 34,2027 Q1,future,105,87,99,100,110,91,0.44,0.56
Track Alpha 35,Artist/Label Identity 35,2027 Q1,future,91,58,88,95,95,75,0.44,0.56
Track Alpha 36,Artist/Label Identity 36,2027 Q1,future,119,48,113,100,121,67,0.44,0.56
Track Alpha 37,Artist/Label Identity 37,2027 Q1,future,17,66,11,25,4,51,0.44,0.56
Track Alpha 38,Artist/Label Identity 38,2027 Q1,future,36,59,32,44,32,76,0.44,0.56
Track Alpha 39,Artist/Label Identity 39,2027 Q1,future,21,79,18,29,36,65,0.44,0.56
Track Alpha 40,Artist/Label Identity 40,2027 Q1,future,95,69,87,100,89,99,0.44,0.56
Track Alpha 41,Artist/Label Identity 41,2027 Q1,future,30,64,27,34,33,57,0.44,0.56
Track Alpha 42,Artist/Label Identity 42,2027 Q1,future,45,53,39,50,57,67,0.44,0.56
Track Alpha 43,Artist/Label Identity 43,2027 Q1,future,53,68,48,58,58,88,0.44,0.56
Track Alpha 44,Artist/Label Identity 44,2027 Q1,future,22,74,16,28,37,62,0.44,0.56
Track Alpha 45,Artist/Label Identity 45,2027 Q1,future,78,65,71,82,92,65,0.44,0.56
Track Alpha 46,Artist/Label Identity 46,2027 Q1,future,31,62,28,37,34,79,0.44,0.56
Track Alpha 47,Artist/Label Identity 47,2027 Q1,future,109,66,104,100,121,66,0.44,0.56
Track Alpha 48,Artist/Label Identity 48,2027 Q1,future,89,62,86,95,75,42,0.44,0.56
Track Alpha 49,Artist/Label Identity 49,2027 Q1,future,78,65,75,82,66,88,0.44,0.56
Track Alpha 50,Artist/Label Identity 50,2027 Q1,future,50,68,45,53,54,78,0.44,0.56
Track Alpha 1,Artist/Label Identity 1,2027 Q2,future,47,83,42,52,49,44,0.44,0.56
Track Alpha 2,Artist/Label Identity 2,2027 Q2,future,31,50,25,35,29,63,0.44,0.56
Track Alpha 3,Artist/Label Identity 3,2027 Q2,future,23,62,15,27,21,56,0.44,0.56
Track Alpha 4,Artist/Label Identity 4,2027 Q2,future,74,68,70,81,86,50,0.44,0.56
Track Alpha 5,Artist/Label Identity 5,2027 Q2,future,62,67,58,65,55,62,0.44,0.56
Track Alpha 6,Artist/Label Identity 6,2027 Q2,future,98,48,93,100,111,72,0.44,0.56
Track Alpha 7,Artist/Label Identity 7,2027 Q2,future,46,82,43,52,46,79,0.44,0.56
Track Alpha 8,Artist/Label Identity 8,2027 Q2,future,30,58,26,37,21,58,0.44,0.56
Track Alpha 9,Artist/Label Identity 9,2027 Q2,future,55,73,48,62,47,71,0.44,0.56
Track Alpha 10,Artist/Label Identity 10,2027 Q2,future,107,77,99,100,96,57,0.44,0.56
Track Alpha 11,Artist/Label Identity 11,2027 Q2,future,87,88,83,91,87,46,0.44,0.56
Track Alpha 12,Artist/Label Identity 12,2027 Q2,future,112,53,105,100,120,64,0.44,0.56
Track Alpha 13,Artist/Label Identity 13,2027 Q2,future,88,80,83,92,89,97,0.44,0.56
Track Alpha 14,Artist/Label Identity 14,2027 Q2,future,116,58,111,100,118,88,0.44,0.56
Track Alpha 15,Artist/Label Identity 15,2027 Q2,future,66,74,62,74,74,65,0.44,0.56
Track Alpha 16,Artist/Label Identity 16,2027 Q2,future,64,78,59,70,57,94,0.44,0.56
Track Alpha 17,Artist/Label Identity 17,2027 Q2,future,33,90,30,41,37,72,0.44,0.56
Track Alpha 18,Artist/Label Identity 18,2027 Q2,future,15,62,11,22,19,67,0.44,0.56
Track Alpha 19,Artist/Label Identity 19,2027 Q2,future,26,73,19,32,39,74,0.44,0.56
Track Alpha 20,Artist/Label Identity 20,2027 Q2,future,100,52,95,100,91,74,0.44,0.56
Track Alpha 21,Artist/Label Identity 21,2027 Q2,future,86,62,81,93,73,68,0.44,0.56
Track Alpha 22,Artist/Label Identity 22,2027 Q2,future,52,46,46,59,62,71,0.44,0.56
Track Alpha 23,Artist/Label Identity 23,2027 Q2,future,47,79,39,53,51,61,0.44,0.56
Track Alpha 24,Artist/Label Identity 24,2027 Q2,future,38,67,35,41,31,54,0.44,0.56
Track Alpha 25,Artist/Label Identity 25,2027 Q2,future,68,62,60,73,58,80,0.44,0.56
Track Alpha 26,Artist/Label Identity 26,2027 Q2,future,59,57,53,64,57,76,0.44,0.56
Track Alpha 27,Artist/Label Identity 27,2027 Q2,future,60,64,53,63,65,68,0.44,0.56
Track Alpha 28,Artist/Label Identity 28,2027 Q2,future,47,88,39,50,32,39,0.44,0.56
Track Alpha 29,Artist/Label Identity 29,2027 Q2,future,37,78,31,43,29,52,0.44,0.56
Track Alpha 30,Artist/Label Identity 30,2027 Q2,future,90,90,83,94,102,57,0.44,0.56
Track Alpha 31,Artist/Label Identity 31,2027 Q2,future,36,77,31,40,26,77,0.44,0.56
Track Alpha 32,Artist/Label Identity 32,2027 Q2,future,22,71,19,28,34,73,0.44,0.56
Track Alpha 33,Artist/Label Identity 33,2027 Q2,future,47,60,43,53,52,43,0.44,0.56
Track Alpha 34,Artist/Label Identity 34,2027 Q2,future,112,79,107,100,112,82,0.44,0.56
Track Alpha 35,Artist/Label Identity 35,2027 Q2,future,96,78,92,100,104,81,0.44,0.56
Track Alpha 36,Artist/Label Identity 36,2027 Q2,future,69,55,61,75,67,78,0.44,0.56
Track Alpha 37,Artist/Label Identity 37,2027 Q2,future,31,53,25,39,36,64,0.44,0.56
Track Alpha 38,Artist/Label Identity 38,2027 Q2,future,76,70,73,83,80,91,0.44,0.56
Track Alpha 39,Artist/Label Identity 39,2027 Q2,future,99,86,95,100,85,75,0.44,0.56
Track Alpha 40,Artist/Label Identity 40,2027 Q2,future,89,90,81,94,94,46,0.44,0.56
Track Alpha 41,Artist/Label Identity 41,2027 Q2,future,119,58,111,100,131,64,0.44,0.56
Track Alpha 42,Artist/Label Identity 42,2027 Q2,future,98,54,90,100,112,71,0.44,0.56
Track Alpha 43,Artist/Label Identity 43,2027 Q2,future,81,81,73,87,86,50,0.44,0.56
Track Alpha 44,Artist/Label Identity 44,2027 Q2,future,38,77,32,45,35,85,0.44,0.56
Track Alpha 45,Artist/Label Identity 45,2027 Q2,future,116,58,111,100,123,75,0.44,0.56
Track Alpha 46,Artist/Label Identity 46,2027 Q2,future,34,70,30,42,21,48,0.44,0.56
Track Alpha 47,Artist/Label Identity 47,2027 Q2,future,81,79,74,89,82,86,0.44,0.56
Track Alpha 48,Artist/Label Identity 48,2027 Q2,future,32,63,24,36,39,76,0.44,0.56
Track Alpha 49,Artist/Label Identity 49,2027 Q2,future,46,85,41,52,35,44,0.44,0.56
Track Alpha 50,Artist/Label Identity 50,2027 Q2,future,46,66,41,51,61,79,0.44,0.56
Track Alpha 1,Artist/Label Identity 1,2027 Q3,future,18,72,12,23,14,60,0.44,0.56
Track Alpha 2,Artist/Label Identity 2,2027 Q3,future,63,71,56,71,58,54,0.44,0.56
Track Alpha 3,Artist/Label Identity 3,2027 Q3,future,94,49,91,100,101,40,0.44,0.56
Track Alpha 4,Artist/Label Identity 4,2027 Q3,future,95,88,87,100,110,88,0.44,0.56
Track Alpha 5,Artist/Label Identity 5,2027 Q3,future,80,58,77,83,71,42,0.44,0.56
Track Alpha 6,Artist/Label Identity 6,2027 Q3,future,116,53,113,100,123,77,0.44,0.56
Track Alpha 7,Artist/Label Identity 7,2027 Q3,future,47,59,40,54,42,74,0.44,0.56
Track Alpha 8,Artist/Label Identity 8,2027 Q3,future,10,79,5,13,1,71,0.44,0.56
Track Alpha 9,Artist/Label Identity 9,2027 Q3,future,43,86,37,49,33,59,0.44,0.56
Track Alpha 10,Artist/Label Identity 10,2027 Q3,future,115,57,111,100,105,60,0.44,0.56
Track Alpha 11,Artist/Label Identity 11,2027 Q3,future,23,77,15,27,10,57,0.44,0.56
Track Alpha 12,Artist/Label Identity 12,2027 Q3,future,20,53,16,25,9,92,0.44,0.56
Track Alpha 13,Artist/Label Identity 13,2027 Q3,future,41,82,38,48,51,62,0.44,0.56
Track Alpha 14,Artist/Label Identity 14,2027 Q3,future,108,84,102,100,100,95,0.44,0.56
Track Alpha 15,Artist/Label Identity 15,2027 Q3,future,46,81,41,50,56,87,0.44,0.56
Track Alpha 16,Artist/Label Identity 16,2027 Q3,future,53,88,48,61,66,83,0.44,0.56
Track Alpha 17,Artist/Label Identity 17,2027 Q3,future,98,70,95,100,88,55,0.44,0.56
Track Alpha 18,Artist/Label Identity 18,2027 Q3,future,120,84,117,100,108,76,0.44,0.56
Track Alpha 19,Artist/Label Identity 19,2027 Q3,future,22,57,14,25,14,78,0.44,0.56
Track Alpha 20,Artist/Label Identity 20,2027 Q3,future,39,58,34,47,40,55,0.44,0.56
Track Alpha 21,Artist/Label Identity 21,2027 Q3,future,11,57,5,17,18,60,0.44,0.56
Track Alpha 22,Artist/Label Identity 22,2027 Q3,future,80,88,73,83,68,92,0.44,0.56
Track Alpha 23,Artist/Label Identity 23,2027 Q3,future,101,56,94,100,96,58,0.44,0.56
Track Alpha 24,Artist/Label Identity 24,2027 Q3,future,24,64,18,29,27,81,0.44,0.56
Track Alpha 25,Artist/Label Identity 25,2027 Q3,future,80,45,74,88,72,57,0.44,0.56
Track Alpha 26,Artist/Label Identity 26,2027 Q3,future,100,73,94,100,113,56,0.44,0.56
Track Alpha 27,Artist/Label Identity 27,2027 Q3,future,120,73,115,100,107,76,0.44,0.56
Track Alpha 28,Artist/Label Identity 28,2027 Q3,future,107,53,100,100,106,100,0.44,0.56
Track Alpha 29,Artist/Label Identity 29,2027 Q3,future,44,70,40,47,58,74,0.44,0.56
Track Alpha 30,Artist/Label Identity 30,2027 Q3,future,84,74,78,88,97,87,0.44,0.56
Track Alpha 31,Artist/Label Identity 31,2027 Q3,future,82,46,74,90,86,53,0.44,0.56
Track Alpha 32,Artist/Label Identity 32,2027 Q3,future,43,45,39,48,28,100,0.44,0.56
Track Alpha 33,Artist/Label Identity 33,2027 Q3,future,46,61,41,49,44,52,0.44,0.56
Track Alpha 34,Artist/Label Identity 34,2027 Q3,future,101,65,97,100,96,44,0.44,0.56
Track Alpha 35,Artist/Label Identity 35,2027 Q3,future,110,59,102,100,100,81,0.44,0.56
Track Alpha 36,Artist/Label Identity 36,2027 Q3,future,53,70,48,61,52,67,0.44,0.56
Track Alpha 37,Artist/Label Identity 37,2027 Q3,future,99,55,92,100,114,78,0.44,0.56
Track Alpha 38,Artist/Label Identity 38,2027 Q3,future,110,79,104,100,113,48,0.44,0.56
Track Alpha 39,Artist/Label Identity 39,2027 Q3,future,63,68,57,71,59,47,0.44,0.56
Track Alpha 40,Artist/Label Identity 40,2027 Q3,future,77,55,71,83,71,78,0.44,0.56
Track Alpha 41,Artist/Label Identity 41,2027 Q3,future,46,51,41,49,61,72,0.44,0.56
Track Alpha 42,Artist/Label Identity 42,2027 Q3,future,105,58,99,100,90,88,0.44,0.56
Track Alpha 43,Artist/Label Identity 43,2027 Q3,future,50,57,45,53,45,56,0.44,0.56
Track Alpha 44,Artist/Label Identity 44,2027 Q3,future,17,90,10,22,25,64,0.44,0.56
Track Alpha 45,Artist/Label Identity 45,2027 Q3,future,116,54,112,100,122,86,0.44,0.56
Track Alpha 46,Artist/Label Identity 46,2027 Q3,future,31,53,26,34,17,61,0.44,0.56
Track Alpha 47,Artist/Label Identity 47,2027 Q3,future,50,49,42,58,44,100,0.44,0.56
Track Alpha 48,Artist/Label Identity 48,2027 Q3,future,93,51,86,97,78,76,0.44,0.56
Track Alpha 49,Artist/Label Identity 49,2027 Q3,future,18,75,14,21,5,76,0.44,0.56
Track Alpha 50,Artist/Label Identity 50,2027 Q3,future,67,47,64,73,62,88,0.44,0.56
Track Alpha 1,Artist/Label Identity 1,2027 Q4,future,71,64,68,77,77,56,0.44,0.56
Track Alpha 2,Artist/Label Identity 2,2027 Q4,future,58,78,51,65,48,93,0.44,0.56
Track Alpha 3,Artist/Label Identity 3,2027 Q4,future,39,68,36,44,25,72,0.44,0.56
Track Alpha 4,Artist/Label Identity 4,2027 Q4,future,118,57,110,100,113,77,0.44,0.56
Track Alpha 5,Artist/Label Identity 5,2027 Q4,future,43,90,39,50,50,87,0.44,0.56
Track Alpha 6,Artist/Label Identity 6,2027 Q4,future,103,81,99,100,102,60,0.44,0.56
Track Alpha 7,Artist/Label Identity 7,2027 Q4,future,81,75,74,87,84,62,0.44,0.56
Track Alpha 8,Artist/Label Identity 8,2027 Q4,future,44,80,41,52,38,56,0.44,0.56
Track Alpha 9,Artist/Label Identity 9,2027 Q4,future,101,80,98,100,108,55,0.44,0.56
Track Alpha 10,Artist/Label Identity 10,2027 Q4,future,55,73,52,63,52,77,0.44,0.56
Track Alpha 11,Artist/Label Identity 11,2027 Q4,future,56,49,49,59,51,66,0.44,0.56
Track Alpha 12,Artist/Label Identity 12,2027 Q4,future,41,80,36,49,45,86,0.44,0.56
Track Alpha 13,Artist/Label Identity 13,2027 Q4,future,18,84,14,23,20,78,0.44,0.56
Track Alpha 14,Artist/Label Identity 14,2027 Q4,future,81,64,78,86,69,92,0.44,0.56
Track Alpha 15,Artist/Label Identity 15,2027 Q4,future,93,52,86,100,97,52,0.44,0.56
Track Alpha 16,Artist/Label Identity 16,2027 Q4,future,84,59,78,90,89,45,0.44,0.56
Track Alpha 17,Artist/Label Identity 17,2027 Q4,future,50,67,44,57,37,43,0.44,0.56
Track Alpha 18,Artist/Label Identity 18,2027 Q4,future,111,72,103,100,121,85,0.44,0.56
Track Alpha 19,Artist/Label Identity 19,2027 Q4,future,110,67,102,100,124,69,0.44,0.56
Track Alpha 20,Artist/Label Identity 20,2027 Q4,future,108,63,105,100,104,60,0.44,0.56
Track Alpha 21,Artist/Label Identity 21,2027 Q4,future,115,61,108,100,117,75,0.44,0.56
Track Alpha 22,Artist/Label Identity 22,2027 Q4,future,14,88,9,19,27,91,0.44,0.56
Track Alpha 23,Artist/Label Identity 23,2027 Q4,future,46,56,40,50,52,78,0.44,0.56
Track Alpha 24,Artist/Label Identity 24,2027 Q4,future,78,61,70,84,66,68,0.44,0.56
Track Alpha 25,Artist/Label Identity 25,2027 Q4,future,63,89,55,66,50,90,0.44,0.56
Track Alpha 26,Artist/Label Identity 26,2027 Q4,future,83,74,80,88,92,79,0.44,0.56
Track Alpha 27,Artist/Label Identity 27,2027 Q4,future,79,84,74,83,93,69,0.44,0.56
Track Alpha 28,Artist/Label Identity 28,2027 Q4,future,89,52,86,93,81,83,0.44,0.56
Track Alpha 29,Artist/Label Identity 29,2027 Q4,future,93,53,85,98,97,88,0.44,0.56
Track Alpha 30,Artist/Label Identity 30,2027 Q4,future,35,61,32,43,31,70,0.44,0.56
Track Alpha 31,Artist/Label Identity 31,2027 Q4,future,39,89,34,45,48,83,0.44,0.56
Track Alpha 32,Artist/Label Identity 32,2027 Q4,future,60,62,53,66,59,78,0.44,0.56
Track Alpha 33,Artist/Label Identity 33,2027 Q4,future,52,64,49,56,50,43,0.44,0.56
Track Alpha 34,Artist/Label Identity 34,2027 Q4,future,54,77,48,57,52,54,0.44,0.56
Track Alpha 35,Artist/Label Identity 35,2027 Q4,future,17,55,14,20,16,87,0.44,0.56
Track Alpha 36,Artist/Label Identity 36,2027 Q4,future,73,74,70,80,81,77,0.44,0.56
Track Alpha 37,Artist/Label Identity 37,2027 Q4,future,63,50,60,70,48,82,0.44,0.56
Track Alpha 38,Artist/Label Identity 38,2027 Q4,future,39,59,33,42,52,91,0.44,0.56
Track Alpha 39,Artist/Label Identity 39,2027 Q4,future,38,90,34,42,38,80,0.44,0.56
Track Alpha 40,Artist/Label Identity 40,2027 Q4,future,76,49,71,82,68,74,0.44,0.56
Track Alpha 41,Artist/Label Identity 41,2027 Q4,future,102,88,94,100,97,61,0.44,0.56
Track Alpha 42,Artist/Label Identity 42,2027 Q4,future,62,61,58,70,50,84,0.44,0.56
Track Alpha 43,Artist/Label Identity 43,2027 Q4,future,116,76,110,100,112,52,0.44,0.56
Track Alpha 44,Artist/Label Identity 44,2027 Q4,future,71,54,67,79,61,48,0.44,0.56
Track Alpha 45,Artist/Label Identity 45,2027 Q4,future,64,70,58,72,65,71,0.44,0.56
Track Alpha 46,Artist/Label Identity 46,2027 Q4,future,84,52,80,89,79,63,0.44,0.56
Track Alpha 47,Artist/Label Identity 47,2027 Q4,future,37,84,33,42,50,95,0.44,0.56
Track Alpha 48,Artist/Label Identity 48,2027 Q4,future,46,57,39,53,36,82,0.44,0.56
Track Alpha 49,Artist/Label Identity 49,2027 Q4,future,17,87,13,23,20,73,0.44,0.56
Track Alpha 50,Artist/Label Identity 50,2027 Q4,future,111,48,106,100,110,66,0.44,0.56
Track Alpha 1,Artist/Label Identity 1,2028 Q1,future,105,70,102,100,109,78,0.44,0.56
Track Alpha 2,Artist/Label Identity 2,2028 Q1,future,45,89,42,52,39,40,0.44,0.56
Track Alpha 3,Artist/Label Identity 3,2028 Q1,future,45,70,37,50,53,66,0.44,0.56
Track Alpha 4,Artist/Label Identity 4,2028 Q1,future,95,69,90,100,106,74,0.44,0.56
Track Alpha 5,Artist/Label Identity 5,2028 Q1,future,104,85,101,100,104,84,0.44,0.56
Track Alpha 6,Artist/Label Identity 6,2028 Q1,future,86,63,79,92,75,62,0.44,0.56
Track Alpha 7,Artist/Label Identity 7,2028 Q1,future,108,66,101,100,114,71,0.44,0.56
Track Alpha 8,Artist/Label Identity 8,2028 Q1,future,45,45,39,48,31,65,0.44,0.56
Track Alpha 9,Artist/Label Identity 9,2028 Q1,future,58,70,50,66,60,71,0.44,0.56
Track Alpha 10,Artist/Label Identity 10,2028 Q1,future,59,87,56,62,66,64,0.44,0.56
Track Alpha 11,Artist/Label Identity 11,2028 Q1,future,67,90,61,74,61,66,0.44,0.56
Track Alpha 12,Artist/Label Identity 12,2028 Q1,future,89,59,86,97,81,63,0.44,0.56
Track Alpha 13,Artist/Label Identity 13,2028 Q1,future,69,66,65,76,62,49,0.44,0.56
Track Alpha 14,Artist/Label Identity 14,2028 Q1,future,70,45,66,78,79,95,0.44,0.56
Track Alpha 15,Artist/Label Identity 15,2028 Q1,future,114,78,108,100,116,91,0.44,0.56
Track Alpha 16,Artist/Label Identity 16,2028 Q1,future,38,49,33,46,34,48,0.44,0.56
Track Alpha 17,Artist/Label Identity 17,2028 Q1,future,16,64,10,24,4,96,0.44,0.56
Track Alpha 18,Artist/Label Identity 18,2028 Q1,future,85,82,81,88,86,45,0.44,0.56
Track Alpha 19,Artist/Label Identity 19,2028 Q1,future,119,45,112,100,115,83,0.44,0.56
Track Alpha 20,Artist/Label Identity 20,2028 Q1,future,26,71,20,29,16,61,0.44,0.56
Track Alpha 21,Artist/Label Identity 21,2028 Q1,future,14,66,10,22,8,57,0.44,0.56
Track Alpha 22,Artist/Label Identity 22,2028 Q1,future,57,55,51,65,61,59,0.44,0.56
Track Alpha 23,Artist/Label Identity 23,2028 Q1,future,103,72,97,100,92,68,0.44,0.56
Track Alpha 24,Artist/Label Identity 24,2028 Q1,future,107,69,104,100,118,96,0.44,0.56
Track Alpha 25,Artist/Label Identity 25,2028 Q1,future,34,64,28,38,34,76,0.44,0.56
Track Alpha 26,Artist/Label Identity 26,2028 Q1,future,34,82,27,37,38,61,0.44,0.56
Track Alpha 27,Artist/Label Identity 27,2028 Q1,future,66,66,62,71,73,55,0.44,0.56
Track Alpha 28,Artist/Label Identity 28,2028 Q1,future,68,89,63,71,82,89,0.44,0.56
Track Alpha 29,Artist/Label Identity 29,2028 Q1,future,13,89,5,17,22,80,0.44,0.56
Track Alpha 30,Artist/Label Identity 30,2028 Q1,future,94,77,89,100,104,85,0.44,0.56
Track Alpha 31,Artist/Label Identity 31,2028 Q1,future,100,65,94,100,94,68,0.44,0.56
Track Alpha 32,Artist/Label Identity 32,2028 Q1,future,59,62,53,66,58,65,0.44,0.56
Track Alpha 33,Artist/Label Identity 33,2028 Q1,future,18,83,14,22,5,74,0.44,0.56
Track Alpha 34,Artist/Label Identity 34,2028 Q1,future,25,50,18,32,33,51,0.44,0.56
Track Alpha 35,Artist/Label Identity 35,2028 Q1,future,96,60,91,99,81,77,0.44,0.56
Track Alpha 36,Artist/Label Identity 36,2028 Q1,future,64,70,61,67,65,58,0.44,0.56
Track Alpha 37,Artist/Label Identity 37,2028 Q1,future,59,78,53,67,47,58,0.44,0.56
Track Alpha 38,Artist/Label Identity 38,2028 Q1,future,90,52,85,98,101,82,0.44,0.56
Track Alpha 39,Artist/Label Identity 39,2028 Q1,future,93,89,87,96,88,36,0.44,0.56
Track Alpha 40,Artist/Label Identity 40,2028 Q1,future,31,82,23,39,19,59,0.44,0.56
Track Alpha 41,Artist/Label Identity 41,2028 Q1,future,113,77,109,100,99,83,0.44,0.56
Track Alpha 42,Artist/Label Identity 42,2028 Q1,future,99,61,94,100,103,89,0.44,0.56
Track Alpha 43,Artist/Label Identity 43,2028 Q1,future,40,68,36,46,46,53,0.44,0.56
Track Alpha 44,Artist/Label Identity 44,2028 Q1,future,86,81,83,92,81,84,0.44,0.56
Track Alpha 45,Artist/Label Identity 45,2028 Q1,future,110,58,103,100,99,54,0.44,0.56
Track Alpha 46,Artist/Label Identity 46,2028 Q1,future,64,90,56,67,78,80,0.44,0.56
Track Alpha 47,Artist/Label Identity 47,2028 Q1,future,117,79,109,100,124,51,0.44,0.56
Track Alpha 48,Artist/Label Identity 48,2028 Q1,future,108,64,105,100,99,59,0.44,0.56
Track Alpha 49,Artist/Label Identity 49,2028 Q1,future,49,79,42,55,59,97,0.44,0.56
Track Alpha 50,Artist/Label Identity 50,2028 Q1,future,37,86,34,44,36,68,0.44,0.56
Track Alpha 1,Artist/Label Identity 1,2028 Q2,future,54,47,48,57,50,99,0.44,0.56
Track Alpha 2,Artist/Label Identity 2,2028 Q2,future,97,83,92,100,100,95,0.44,0.56
Track Alpha 3,Artist/Label Identity 3,2028 Q2,future,80,55,77,88,71,78,0.44,0.56
Track Alpha 4,Artist/Label Identity 4,2028 Q2,future,70,47,67,77,75,52,0.44,0.56
Track Alpha 5,Artist/Label Identity 5,2028 Q2,future,75,50,70,82,71,88,0.44,0.56
Track Alpha 6,Artist/Label Identity 6,2028 Q2,future,20,87,17,26,20,85,0.44,0.56
Track Alpha 7,Artist/Label Identity 7,2028 Q2,future,13,68,9,20,1,52,0.44,0.56
Track Alpha 8,Artist/Label Identity 8,2028 Q2,future,81,53,76,86,70,78,0.44,0.56
Track Alpha 9,Artist/Label Identity 9,2028 Q2,future,63,78,59,67,63,46,0.44,0.56
Track Alpha 10,Artist/Label Identity 10,2028 Q2,future,72,46,69,80,77,87,0.44,0.56
Track Alpha 11,Artist/Label Identity 11,2028 Q2,future,65,69,61,70,54,63,0.44,0.56
Track Alpha 12,Artist/Label Identity 12,2028 Q2,future,16,58,13,19,30,70,0.44,0.56
Track Alpha 13,Artist/Label Identity 13,2028 Q2,future,48,47,44,52,39,59,0.44,0.56
Track Alpha 14,Artist/Label Identity 14,2028 Q2,future,10,54,4,15,1,100,0.44,0.56
Track Alpha 15,Artist/Label Identity 15,2028 Q2,future,47,64,41,54,33,47,0.44,0.56
Track Alpha 16,Artist/Label Identity 16,2028 Q2,future,50,90,46,53,49,78,0.44,0.56
Track Alpha 17,Artist/Label Identity 17,2028 Q2,future,12,50,7,17,12,87,0.44,0.56
Track Alpha 18,Artist/Label Identity 18,2028 Q2,future,17,73,10,25,13,66,0.44,0.56
Track Alpha 19,Artist/Label Identity 19,2028 Q2,future,61,61,56,64,74,100,0.44,0.56
Track Alpha 20,Artist/Label Identity 20,2028 Q2,future,79,54,76,82,91,58,0.44,0.56
Track Alpha 21,Artist/Label Identity 21,2028 Q2,future,75,59,72,82,75,88,0.44,0.56
Track Alpha 22,Artist/Label Identity 22,2028 Q2,future,26,80,20,32,28,80,0.44,0.56
Track Alpha 23,Artist/Label Identity 23,2028 Q2,future,59,62,53,67,61,44,0.44,0.56
Track Alpha 24,Artist/Label Identity 24,2028 Q2,future,58,47,54,66,53,89,0.44,0.56
Track Alpha 25,Artist/Label Identity 25,2028 Q2,future,37,82,29,42,50,96,0.44,0.56
Track Alpha 26,Artist/Label Identity 26,2028 Q2,future,46,84,42,49,61,73,0.44,0.56
Track Alpha 27,Artist/Label Identity 27,2028 Q2,future,44,81,41,52,36,84,0.44,0.56
Track Alpha 28,Artist/Label Identity 28,2028 Q2,future,43,90,40,46,39,40,0.44,0.56
Track Alpha 29,Artist/Label Identity 29,2028 Q2,future,72,56,67,75,86,45,0.44,0.56
Track Alpha 30,Artist/Label Identity 30,2028 Q2,future,67,54,60,72,68,92,0.44,0.56
Track Alpha 31,Artist/Label Identity 31,2028 Q2,future,49,90,46,53,58,58,0.44,0.56
Track Alpha 32,Artist/Label Identity 32,2028 Q2,future,86,71,80,94,85,97,0.44,0.56
Track Alpha 33,Artist/Label Identity 33,2028 Q2,future,65,71,59,68,64,46,0.44,0.56
Track Alpha 34,Artist/Label Identity 34,2028 Q2,future,37,53,29,42,49,65,0.44,0.56
Track Alpha 35,Artist/Label Identity 35,2028 Q2,future,20,69,17,23,18,55,0.44,0.56
Track Alpha 36,Artist/Label Identity 36,2028 Q2,future,29,62,21,35,19,74,0.44,0.56
Track Alpha 37,Artist/Label Identity 37,2028 Q2,future,80,63,75,88,66,76,0.44,0.56
Track Alpha 38,Artist/Label Identity 38,2028 Q2,future,14,60,7,19,1,80,0.44,0.56
Track Alpha 39,Artist/Label Identity 39,2028 Q2,future,40,59,37,45,52,64,0.44,0.56
Track Alpha 40,Artist/Label Identity 40,2028 Q2,future,17,70,11,21,26,85,0.44,0.56
Track Alpha 41,Artist/Label Identity 41,2028 Q2,future,107,47,99,100,99,58,0.44,0.56
Track Alpha 42,Artist/Label Identity 42,2028 Q2,future,41,83,33,46,35,65,0.44,0.56
Track Alpha 43,Artist/Label Identity 43,2028 Q2,future,13,70,8,20,21,67,0.44,0.56
Track Alpha 44,Artist/Label Identity 44,2028 Q2,future,96,84,92,100,102,59,0.44,0.56
Track Alpha 45,Artist/Label Identity 45,2028 Q2,future,96,89,93,100,91,66,0.44,0.56
Track Alpha 46,Artist/Label Identity 46,2028 Q2,future,92,52,85,99,94,74,0.44,0.56
Track Alpha 47,Artist/Label Identity 47,2028 Q2,future,39,78,34,43,51,100,0.44,0.56
Track Alpha 48,Artist/Label Identity 48,2028 Q2,future,88,65,80,94,95,79,0.44,0.56
Track Alpha 49,Artist/Label Identity 49,2028 Q2,future,96,52,89,100,104,81,0.44,0.56
Track Alpha 50,Artist/Label Identity 50,2028 Q2,future,38,48,31,42,43,72,0.44,0.56
Track Alpha 1,Artist/Label Identity 1,2028 Q3,future,62,88,57,68,60,51,0.44,0.56
Track Alpha 2,Artist/Label Identity 2,2028 Q3,future,38,50,31,44,35,62,0.44,0.56
Track Alpha 3,Artist/Label Identity 3,2028 Q3,future,80,50,74,83,76,60,0.44,0.56
Track Alpha 4,Artist/Label Identity 4,2028 Q3,future,110,54,103,100,100,85,0.44,0.56
Track Alpha 5,Artist/Label Identity 5,2028 Q3,future,77,83,73,85,76,75,0.44,0.56
Track Alpha 6,Artist/Label Identity 6,2028 Q3,future,87,70,84,95,87,57,0.44,0.56
Track Alpha 7,Artist/Label Identity 7,2028 Q3,future,109,68,102,100,103,86,0.44,0.56
Track Alpha 8,Artist/Label Identity 8,2028 Q3,future,73,49,65,81,80,73,0.44,0.56
Track Alpha 9,Artist/Label Identity 9,2028 Q3,future,94,52,90,100,91,58,0.44,0.56
Track Alpha 10,Artist/Label Identity 10,2028 Q3,future,64,89,59,70,53,60,0.44,0.56
Track Alpha 11,Artist/Label Identity 11,2028 Q3,future,120,71,114,100,109,71,0.44,0.56
Track Alpha 12,Artist/Label Identity 12,2028 Q3,future,58,83,51,66,50,69,0.44,0.56
Track Alpha 13,Artist/Label Identity 13,2028 Q3,future,32,90,27,35,26,100,0.44,0.56
Track Alpha 14,Artist/Label Identity 14,2028 Q3,future,91,75,83,99,77,69,0.44,0.56
Track Alpha 15,Artist/Label Identity 15,2028 Q3,future,116,84,113,100,123,76,0.44,0.56
Track Alpha 16,Artist/Label Identity 16,2028 Q3,future,45,65,37,53,30,84,0.44,0.56
Track Alpha 17,Artist/Label Identity 17,2028 Q3,future,38,50,30,41,48,94,0.44,0.56
Track Alpha 18,Artist/Label Identity 18,2028 Q3,future,115,88,111,100,108,57,0.44,0.56
Track Alpha 19,Artist/Label Identity 19,2028 Q3,future,49,61,46,52,34,72,0.44,0.56
Track Alpha 20,Artist/Label Identity 20,2028 Q3,future,108,60,103,100,105,62,0.44,0.56
Track Alpha 21,Artist/Label Identity 21,2028 Q3,future,119,87,111,100,104,44,0.44,0.56
Track Alpha 22,Artist/Label Identity 22,2028 Q3,future,43,47,37,49,38,75,0.44,0.56
Track Alpha 23,Artist/Label Identity 23,2028 Q3,future,102,73,94,100,115,60,0.44,0.56
Track Alpha 24,Artist/Label Identity 24,2028 Q3,future,10,73,2,14,8,68,0.44,0.56
Track Alpha 25,Artist/Label Identity 25,2028 Q3,future,32,77,27,38,44,100,0.44,0.56
Track Alpha 26,Artist/Label Identity 26,2028 Q3,future,58,81,55,62,63,66,0.44,0.56
Track Alpha 27,Artist/Label Identity 27,2028 Q3,future,17,86,9,25,22,60,0.44,0.56
Track Alpha 28,Artist/Label Identity 28,2028 Q3,future,50,68,43,58,38,54,0.44,0.56
Track Alpha 29,Artist/Label Identity 29,2028 Q3,future,108,81,105,100,113,50,0.44,0.56
Track Alpha 30,Artist/Label Identity 30,2028 Q3,future,70,79,64,73,56,76,0.44,0.56
Track Alpha 31,Artist/Label Identity 31,2028 Q3,future,116,69,109,100,131,85,0.44,0.56
Track Alpha 32,Artist/Label Identity 32,2028 Q3,future,46,74,43,53,60,90,0.44,0.56
Track Alpha 33,Artist/Label Identity 33,2028 Q3,future,41,67,34,48,53,37,0.44,0.56
Track Alpha 34,Artist/Label Identity 34,2028 Q3,future,82,57,75,90,96,76,0.44,0.56
Track Alpha 35,Artist/Label Identity 35,2028 Q3,future,95,52,91,100,89,58,0.44,0.56
Track Alpha 36,Artist/Label Identity 36,2028 Q3,future,108,72,101,100,118,63,0.44,0.56
Track Alpha 37,Artist/Label Identity 37,2028 Q3,future,79,61,76,86,86,86,0.44,0.56
Track Alpha 38,Artist/Label Identity 38,2028 Q3,future,82,47,77,88,75,69,0.44,0.56
Track Alpha 39,Artist/Label Identity 39,2028 Q3,future,16,87,8,19,31,54,0.44,0.56
Track Alpha 40,Artist/Label Identity 40,2028 Q3,future,83,75,80,88,89,79,0.44,0.56
Track Alpha 41,Artist/Label Identity 41,2028 Q3,future,22,55,15,25,22,66,0.44,0.56
Track Alpha 42,Artist/Label Identity 42,2028 Q3,future,27,60,21,31,18,59,0.44,0.56
Track Alpha 43,Artist/Label Identity 43,2028 Q3,future,101,50,97,100,100,88,0.44,0.56
Track Alpha 44,Artist/Label Identity 44,2028 Q3,future,63,55,58,71,72,78,0.44,0.56
Track Alpha 45,Artist/Label Identity 45,2028 Q3,future,19,83,11,26,18,89,0.44,0.56
Track Alpha 46,Artist/Label Identity 46,2028 Q3,future,20,67,12,23,30,58,0.44,0.56
Track Alpha 47,Artist/Label Identity 47,2028 Q3,future,111,62,105,100,110,74,0.44,0.56
Track Alpha 48,Artist/Label Identity 48,2028 Q3,future,35,79,31,41,36,92,0.44,0.56
Track Alpha 49,Artist/Label Identity 49,2028 Q3,future,108,68,100,100,121,65,0.44,0.56
Track Alpha 50,Artist/Label Identity 50,2028 Q3,future,98,62,90,100,100,72,0.44,0.56
Track Alpha 1,Artist/Label Identity 1,2028 Q4,future,54,60,47,57,61,65,0.44,0.56
Track Alpha 2,Artist/Label Identity 2,2028 Q4,future,100,66,93,100,98,85,0.44,0.56
Track Alpha 3,Artist/Label Identity 3,2028 Q4,future,83,69,76,91,86,71,0.44,0.56
Track Alpha 4,Artist/Label Identity 4,2028 Q4,future,79,55,72,87,85,73,0.44,0.56
Track Alpha 5,Artist/Label Identity 5,2028 Q4,future,54,67,50,58,52,91,0.44,0.56
Track Alpha 6,Artist/Label Identity 6,2028 Q4,future,60,52,57,68,52,99,0.44,0.56
Track Alpha 7,Artist/Label Identity 7,2028 Q4,future,110,49,103,100,118,55,0.44,0.56
Track Alpha 8,Artist/Label Identity 8,2028 Q4,future,31,51,25,37,19,64,0.44,0.56
Track Alpha 9,Artist/Label Identity 9,2028 Q4,future,13,53,6,20,16,71,0.44,0.56
Track Alpha 10,Artist/Label Identity 10,2028 Q4,future,15,80,10,20,6,88,0.44,0.56
Track Alpha 11,Artist/Label Identity 11,2028 Q4,future,34,67,26,39,24,55,0.44,0.56
Track Alpha 12,Artist/Label Identity 12,2028 Q4,future,87,67,84,93,86,94,0.44,0.56
Track Alpha 13,Artist/Label Identity 13,2028 Q4,future,25,77,21,32,27,65,0.44,0.56
Track Alpha 14,Artist/Label Identity 14,2028 Q4,future,47,87,40,51,62,88,0.44,0.56
Track Alpha 15,Artist/Label Identity 15,2028 Q4,future,32,67,27,37,29,77,0.44,0.56
Track Alpha 16,Artist/Label Identity 16,2028 Q4,future,48,62,44,52,33,84,0.44,0.56
Track Alpha 17,Artist/Label Identity 17,2028 Q4,future,90,72,82,97,82,66,0.44,0.56
Track Alpha 18,Artist/Label Identity 18,2028 Q4,future,68,56,62,73,68,53,0.44,0.56
Track Alpha 19,Artist/Label Identity 19,2028 Q4,future,30,75,27,33,35,69,0.44,0.56
Track Alpha 20,Artist/Label Identity 20,2028 Q4,future,50,46,43,56,55,89,0.44,0.56
Track Alpha 21,Artist/Label Identity 21,2028 Q4,future,103,45,97,100,89,52,0.44,0.56
Track Alpha 22,Artist/Label Identity 22,2028 Q4,future,67,83,62,71,61,74,0.44,0.56
Track Alpha 23,Artist/Label Identity 23,2028 Q4,future,20,51,12,23,27,54,0.44,0.56
Track Alpha 24,Artist/Label Identity 24,2028 Q4,future,14,63,8,18,20,60,0.44,0.56
Track Alpha 25,Artist/Label Identity 25,2028 Q4,future,119,90,114,100,126,70,0.44,0.56
Track Alpha 26,Artist/Label Identity 26,2028 Q4,future,104,70,101,100,117,76,0.44,0.56
Track Alpha 27,Artist/Label Identity 27,2028 Q4,future,106,89,99,100,105,85,0.44,0.56
Track Alpha 28,Artist/Label Identity 28,2028 Q4,future,108,79,100,100,102,57,0.44,0.56
Track Alpha 29,Artist/Label Identity 29,2028 Q4,future,27,77,24,35,34,100,0.44,0.56
Track Alpha 30,Artist/Label Identity 30,2028 Q4,future,46,84,38,53,39,45,0.44,0.56
Track Alpha 31,Artist/Label Identity 31,2028 Q4,future,67,73,64,71,55,64,0.44,0.56
Track Alpha 32,Artist/Label Identity 32,2028 Q4,future,110,48,103,100,118,100,0.44,0.56
Track Alpha 33,Artist/Label Identity 33,2028 Q4,future,50,59,44,58,55,95,0.44,0.56
Track Alpha 34,Artist/Label Identity 34,2028 Q4,future,31,84,23,34,27,84,0.44,0.56
Track Alpha 35,Artist/Label Identity 35,2028 Q4,future,80,49,73,88,79,56,0.44,0.56
Track Alpha 36,Artist/Label Identity 36,2028 Q4,future,103,53,99,100,102,73,0.44,0.56
Track Alpha 37,Artist/Label Identity 37,2028 Q4,future,105,57,100,100,118,38,0.44,0.56
Track Alpha 38,Artist/Label Identity 38,2028 Q4,future,102,57,96,100,88,72,0.44,0.56
Track Alpha 39,Artist/Label Identity 39,2028 Q4,future,90,63,87,93,95,43,0.44,0.56
Track Alpha 40,Artist/Label Identity 40,2028 Q4,future,17,57,9,20,22,79,0.44,0.56
Track Alpha 41,Artist/Label Identity 41,2028 Q4,future,102,45,95,100,116,56,0.44,0.56
Track Alpha 42,Artist/Label Identity 42,2028 Q4,future,14,89,7,22,1,85,0.44,0.56
Track Alpha 43,Artist/Label Identity 43,2028 Q4,future,23,62,20,30,33,58,0.44,0.56
Track Alpha 44,Artist/Label Identity 44,2028 Q4,future,72,65,69,78,83,71,0.44,0.56
Track Alpha 45,Artist/Label Identity 45,2028 Q4,future,37,74,32,43,23,74,0.44,0.56
Track Alpha 46,Artist/Label Identity 46,2028 Q4,future,32,51,26,35,19,76,0.44,0.56
Track Alpha 47,Artist/Label Identity 47,2028 Q4,future,28,54,21,35,21,61,0.44,0.56
Track Alpha 48,Artist/Label Identity 48,2028 Q4,future,86,69,82,90,95,57,0.44,0.56
Track Alpha 49,Artist/Label Identity 49,2028 Q4,future,48,86,43,53,60,65,0.44,0.56
Track Alpha 50,Artist/Label Identity 50,2028 Q4,future,21,82,13,29,26,45,0.44,0.56
